Method;URL;Header
GET;/ajustes;{"host":"127.0.0.1:7000","connection":"keep-alive","cache-control":"max-age=0","sec-ch-ua":"\"Opera GX\";v=\"105\", \"Chromium\";v=\"119\", \"Not?A_Brand\";v=\"24\"","sec-ch-ua-mobile":"?0","sec-ch-ua-platform":"\"Windows\"","upgrade-insecure-requests":"1","user-agent":"Mozilla/5.0 (Windows NT 10.0; Win64; x64) AppleWebKit/537.36 (KHTML, like Gecko) Chrome/119.0.0.0 Safari/537.36 OPR/105.0.0.0","accept":"text/html,application/xhtml+xml,application/xml;q=0.9,image/avif,image/webp,image/apng,*/*;q=0.8,application/signed-exchange;v=b3;q=0.7","sec-fetch-site":"none","sec-fetch-mode":"navigate","sec-fetch-user":"?1","sec-fetch-dest":"document","accept-encoding":"gzip, deflate, br","accept-language":"es-ES,es;q=0.9,en;q=0.8"}
GET;/css/ajustes.css;{"host":"127.0.0.1:7000","connection":"keep-alive","sec-ch-ua":"\"Opera GX\";v=\"105\", \"Chromium\";v=\"119\", \"Not?A_Brand\";v=\"24\"","sec-ch-ua-mobile":"?0","user-agent":"Mozilla/5.0 (Windows NT 10.0; Win64; x64) AppleWebKit/537.36 (KHTML, like Gecko) Chrome/119.0.0.0 Safari/537.36 OPR/105.0.0.0","sec-ch-ua-platform":"\"Windows\"","accept":"text/css,*/*;q=0.1","sec-fetch-site":"same-origin","sec-fetch-mode":"no-cors","sec-fetch-dest":"style","referer":"http://127.0.0.1:7000/ajustes","accept-encoding":"gzip, deflate, br","accept-language":"es-ES,es;q=0.9,en;q=0.8"}
GET;/favicon.ico;{"host":"127.0.0.1:7000","connection":"keep-alive","sec-ch-ua":"\"Opera GX\";v=\"105\", \"Chromium\";v=\"119\", \"Not?A_Brand\";v=\"24\"","sec-ch-ua-mobile":"?0","user-agent":"Mozilla/5.0 (Windows NT 10.0; Win64; x64) AppleWebKit/537.36 (KHTML, like Gecko) Chrome/119.0.0.0 Safari/537.36 OPR/105.0.0.0","sec-ch-ua-platform":"\"Windows\"","accept":"image/avif,image/webp,image/apng,image/svg+xml,image/*,*/*;q=0.8","sec-fetch-site":"same-origin","sec-fetch-mode":"no-cors","sec-fetch-dest":"image","referer":"http://127.0.0.1:7000/ajustes","accept-encoding":"gzip, deflate, br","accept-language":"es-ES,es;q=0.9,en;q=0.8"}
GET;/hub;{"host":"127.0.0.1:7000","connection":"keep-alive","cache-control":"max-age=0","sec-ch-ua":"\"Opera GX\";v=\"105\", \"Chromium\";v=\"119\", \"Not?A_Brand\";v=\"24\"","sec-ch-ua-mobile":"?0","sec-ch-ua-platform":"\"Windows\"","upgrade-insecure-requests":"1","user-agent":"Mozilla/5.0 (Windows NT 10.0; Win64; x64) AppleWebKit/537.36 (KHTML, like Gecko) Chrome/119.0.0.0 Safari/537.36 OPR/105.0.0.0","accept":"text/html,application/xhtml+xml,application/xml;q=0.9,image/avif,image/webp,image/apng,*/*;q=0.8,application/signed-exchange;v=b3;q=0.7","sec-fetch-site":"none","sec-fetch-mode":"navigate","sec-fetch-user":"?1","sec-fetch-dest":"document","accept-encoding":"gzip, deflate, br","accept-language":"es-ES,es;q=0.9,en;q=0.8"}
GET;/css/hub.css;{"host":"127.0.0.1:7000","connection":"keep-alive","sec-ch-ua":"\"Opera GX\";v=\"105\", \"Chromium\";v=\"119\", \"Not?A_Brand\";v=\"24\"","sec-ch-ua-mobile":"?0","user-agent":"Mozilla/5.0 (Windows NT 10.0; Win64; x64) AppleWebKit/537.36 (KHTML, like Gecko) Chrome/119.0.0.0 Safari/537.36 OPR/105.0.0.0","sec-ch-ua-platform":"\"Windows\"","accept":"text/css,*/*;q=0.1","sec-fetch-site":"same-origin","sec-fetch-mode":"no-cors","sec-fetch-dest":"style","referer":"http://127.0.0.1:7000/hub","accept-encoding":"gzip, deflate, br","accept-language":"es-ES,es;q=0.9,en;q=0.8"}
GET;/bolita.png;{"host":"127.0.0.1:7000","connection":"keep-alive","sec-ch-ua":"\"Opera GX\";v=\"105\", \"Chromium\";v=\"119\", \"Not?A_Brand\";v=\"24\"","sec-ch-ua-mobile":"?0","user-agent":"Mozilla/5.0 (Windows NT 10.0; Win64; x64) AppleWebKit/537.36 (KHTML, like Gecko) Chrome/119.0.0.0 Safari/537.36 OPR/105.0.0.0","sec-ch-ua-platform":"\"Windows\"","accept":"image/avif,image/webp,image/apng,image/svg+xml,image/*,*/*;q=0.8","sec-fetch-site":"same-origin","sec-fetch-mode":"no-cors","sec-fetch-dest":"image","referer":"http://127.0.0.1:7000/hub","accept-encoding":"gzip, deflate, br","accept-language":"es-ES,es;q=0.9,en;q=0.8"}
GET;/favicon.ico;{"host":"127.0.0.1:7000","connection":"keep-alive","sec-ch-ua":"\"Opera GX\";v=\"105\", \"Chromium\";v=\"119\", \"Not?A_Brand\";v=\"24\"","sec-ch-ua-mobile":"?0","user-agent":"Mozilla/5.0 (Windows NT 10.0; Win64; x64) AppleWebKit/537.36 (KHTML, like Gecko) Chrome/119.0.0.0 Safari/537.36 OPR/105.0.0.0","sec-ch-ua-platform":"\"Windows\"","accept":"image/avif,image/webp,image/apng,image/svg+xml,image/*,*/*;q=0.8","sec-fetch-site":"same-origin","sec-fetch-mode":"no-cors","sec-fetch-dest":"image","referer":"http://127.0.0.1:7000/hub","accept-encoding":"gzip, deflate, br","accept-language":"es-ES,es;q=0.9,en;q=0.8"}
GET;/hub;{"host":"127.0.0.1:7000","connection":"keep-alive","cache-control":"max-age=0","sec-ch-ua":"\"Opera GX\";v=\"105\", \"Chromium\";v=\"119\", \"Not?A_Brand\";v=\"24\"","sec-ch-ua-mobile":"?0","sec-ch-ua-platform":"\"Windows\"","upgrade-insecure-requests":"1","user-agent":"Mozilla/5.0 (Windows NT 10.0; Win64; x64) AppleWebKit/537.36 (KHTML, like Gecko) Chrome/119.0.0.0 Safari/537.36 OPR/105.0.0.0","accept":"text/html,application/xhtml+xml,application/xml;q=0.9,image/avif,image/webp,image/apng,*/*;q=0.8,application/signed-exchange;v=b3;q=0.7","sec-fetch-site":"none","sec-fetch-mode":"navigate","sec-fetch-user":"?1","sec-fetch-dest":"document","accept-encoding":"gzip, deflate, br","accept-language":"es-ES,es;q=0.9,en;q=0.8"}
GET;/css/hub.css;{"host":"127.0.0.1:7000","connection":"keep-alive","sec-ch-ua":"\"Opera GX\";v=\"105\", \"Chromium\";v=\"119\", \"Not?A_Brand\";v=\"24\"","sec-ch-ua-mobile":"?0","user-agent":"Mozilla/5.0 (Windows NT 10.0; Win64; x64) AppleWebKit/537.36 (KHTML, like Gecko) Chrome/119.0.0.0 Safari/537.36 OPR/105.0.0.0","sec-ch-ua-platform":"\"Windows\"","accept":"text/css,*/*;q=0.1","sec-fetch-site":"same-origin","sec-fetch-mode":"no-cors","sec-fetch-dest":"style","referer":"http://127.0.0.1:7000/hub","accept-encoding":"gzip, deflate, br","accept-language":"es-ES,es;q=0.9,en;q=0.8"}
GET;/bolita.png;{"host":"127.0.0.1:7000","connection":"keep-alive","sec-ch-ua":"\"Opera GX\";v=\"105\", \"Chromium\";v=\"119\", \"Not?A_Brand\";v=\"24\"","sec-ch-ua-mobile":"?0","user-agent":"Mozilla/5.0 (Windows NT 10.0; Win64; x64) AppleWebKit/537.36 (KHTML, like Gecko) Chrome/119.0.0.0 Safari/537.36 OPR/105.0.0.0","sec-ch-ua-platform":"\"Windows\"","accept":"image/avif,image/webp,image/apng,image/svg+xml,image/*,*/*;q=0.8","sec-fetch-site":"same-origin","sec-fetch-mode":"no-cors","sec-fetch-dest":"image","referer":"http://127.0.0.1:7000/hub","accept-encoding":"gzip, deflate, br","accept-language":"es-ES,es;q=0.9,en;q=0.8"}
GET;/favicon.ico;{"host":"127.0.0.1:7000","connection":"keep-alive","sec-ch-ua":"\"Opera GX\";v=\"105\", \"Chromium\";v=\"119\", \"Not?A_Brand\";v=\"24\"","sec-ch-ua-mobile":"?0","user-agent":"Mozilla/5.0 (Windows NT 10.0; Win64; x64) AppleWebKit/537.36 (KHTML, like Gecko) Chrome/119.0.0.0 Safari/537.36 OPR/105.0.0.0","sec-ch-ua-platform":"\"Windows\"","accept":"image/avif,image/webp,image/apng,image/svg+xml,image/*,*/*;q=0.8","sec-fetch-site":"same-origin","sec-fetch-mode":"no-cors","sec-fetch-dest":"image","referer":"http://127.0.0.1:7000/hub","accept-encoding":"gzip, deflate, br","accept-language":"es-ES,es;q=0.9,en;q=0.8"}
GET;/ajustes;{"host":"127.0.0.1:7000","connection":"keep-alive","cache-control":"max-age=0","sec-ch-ua":"\"Opera GX\";v=\"105\", \"Chromium\";v=\"119\", \"Not?A_Brand\";v=\"24\"","sec-ch-ua-mobile":"?0","sec-ch-ua-platform":"\"Windows\"","upgrade-insecure-requests":"1","user-agent":"Mozilla/5.0 (Windows NT 10.0; Win64; x64) AppleWebKit/537.36 (KHTML, like Gecko) Chrome/119.0.0.0 Safari/537.36 OPR/105.0.0.0","accept":"text/html,application/xhtml+xml,application/xml;q=0.9,image/avif,image/webp,image/apng,*/*;q=0.8,application/signed-exchange;v=b3;q=0.7","sec-fetch-site":"none","sec-fetch-mode":"navigate","sec-fetch-user":"?1","sec-fetch-dest":"document","accept-encoding":"gzip, deflate, br","accept-language":"es-ES,es;q=0.9,en;q=0.8"}
GET;/css/ajustes.css;{"host":"127.0.0.1:7000","connection":"keep-alive","sec-ch-ua":"\"Opera GX\";v=\"105\", \"Chromium\";v=\"119\", \"Not?A_Brand\";v=\"24\"","sec-ch-ua-mobile":"?0","user-agent":"Mozilla/5.0 (Windows NT 10.0; Win64; x64) AppleWebKit/537.36 (KHTML, like Gecko) Chrome/119.0.0.0 Safari/537.36 OPR/105.0.0.0","sec-ch-ua-platform":"\"Windows\"","accept":"text/css,*/*;q=0.1","sec-fetch-site":"same-origin","sec-fetch-mode":"no-cors","sec-fetch-dest":"style","referer":"http://127.0.0.1:7000/ajustes","accept-encoding":"gzip, deflate, br","accept-language":"es-ES,es;q=0.9,en;q=0.8"}
GET;/favicon.ico;{"host":"127.0.0.1:7000","connection":"keep-alive","sec-ch-ua":"\"Opera GX\";v=\"105\", \"Chromium\";v=\"119\", \"Not?A_Brand\";v=\"24\"","sec-ch-ua-mobile":"?0","user-agent":"Mozilla/5.0 (Windows NT 10.0; Win64; x64) AppleWebKit/537.36 (KHTML, like Gecko) Chrome/119.0.0.0 Safari/537.36 OPR/105.0.0.0","sec-ch-ua-platform":"\"Windows\"","accept":"image/avif,image/webp,image/apng,image/svg+xml,image/*,*/*;q=0.8","sec-fetch-site":"same-origin","sec-fetch-mode":"no-cors","sec-fetch-dest":"image","referer":"http://127.0.0.1:7000/ajustes","accept-encoding":"gzip, deflate, br","accept-language":"es-ES,es;q=0.9,en;q=0.8"}
GET;/ajustes;{"host":"127.0.0.1:7000","connection":"keep-alive","cache-control":"max-age=0","sec-ch-ua":"\"Opera GX\";v=\"105\", \"Chromium\";v=\"119\", \"Not?A_Brand\";v=\"24\"","sec-ch-ua-mobile":"?0","sec-ch-ua-platform":"\"Windows\"","upgrade-insecure-requests":"1","user-agent":"Mozilla/5.0 (Windows NT 10.0; Win64; x64) AppleWebKit/537.36 (KHTML, like Gecko) Chrome/119.0.0.0 Safari/537.36 OPR/105.0.0.0","accept":"text/html,application/xhtml+xml,application/xml;q=0.9,image/avif,image/webp,image/apng,*/*;q=0.8,application/signed-exchange;v=b3;q=0.7","sec-fetch-site":"none","sec-fetch-mode":"navigate","sec-fetch-user":"?1","sec-fetch-dest":"document","accept-encoding":"gzip, deflate, br","accept-language":"es-ES,es;q=0.9,en;q=0.8"}
GET;/css/ajustes.css;{"host":"127.0.0.1:7000","connection":"keep-alive","sec-ch-ua":"\"Opera GX\";v=\"105\", \"Chromium\";v=\"119\", \"Not?A_Brand\";v=\"24\"","sec-ch-ua-mobile":"?0","user-agent":"Mozilla/5.0 (Windows NT 10.0; Win64; x64) AppleWebKit/537.36 (KHTML, like Gecko) Chrome/119.0.0.0 Safari/537.36 OPR/105.0.0.0","sec-ch-ua-platform":"\"Windows\"","accept":"text/css,*/*;q=0.1","sec-fetch-site":"same-origin","sec-fetch-mode":"no-cors","sec-fetch-dest":"style","referer":"http://127.0.0.1:7000/ajustes","accept-encoding":"gzip, deflate, br","accept-language":"es-ES,es;q=0.9,en;q=0.8"}
GET;/favicon.ico;{"host":"127.0.0.1:7000","connection":"keep-alive","sec-ch-ua":"\"Opera GX\";v=\"105\", \"Chromium\";v=\"119\", \"Not?A_Brand\";v=\"24\"","sec-ch-ua-mobile":"?0","user-agent":"Mozilla/5.0 (Windows NT 10.0; Win64; x64) AppleWebKit/537.36 (KHTML, like Gecko) Chrome/119.0.0.0 Safari/537.36 OPR/105.0.0.0","sec-ch-ua-platform":"\"Windows\"","accept":"image/avif,image/webp,image/apng,image/svg+xml,image/*,*/*;q=0.8","sec-fetch-site":"same-origin","sec-fetch-mode":"no-cors","sec-fetch-dest":"image","referer":"http://127.0.0.1:7000/ajustes","accept-encoding":"gzip, deflate, br","accept-language":"es-ES,es;q=0.9,en;q=0.8"}
GET;/hub;{"host":"127.0.0.1:7000","connection":"keep-alive","cache-control":"max-age=0","sec-ch-ua":"\"Opera GX\";v=\"105\", \"Chromium\";v=\"119\", \"Not?A_Brand\";v=\"24\"","sec-ch-ua-mobile":"?0","sec-ch-ua-platform":"\"Windows\"","upgrade-insecure-requests":"1","user-agent":"Mozilla/5.0 (Windows NT 10.0; Win64; x64) AppleWebKit/537.36 (KHTML, like Gecko) Chrome/119.0.0.0 Safari/537.36 OPR/105.0.0.0","accept":"text/html,application/xhtml+xml,application/xml;q=0.9,image/avif,image/webp,image/apng,*/*;q=0.8,application/signed-exchange;v=b3;q=0.7","sec-fetch-site":"none","sec-fetch-mode":"navigate","sec-fetch-user":"?1","sec-fetch-dest":"document","accept-encoding":"gzip, deflate, br","accept-language":"es-ES,es;q=0.9,en;q=0.8"}
GET;/css/hub.css;{"host":"127.0.0.1:7000","connection":"keep-alive","sec-ch-ua":"\"Opera GX\";v=\"105\", \"Chromium\";v=\"119\", \"Not?A_Brand\";v=\"24\"","sec-ch-ua-mobile":"?0","user-agent":"Mozilla/5.0 (Windows NT 10.0; Win64; x64) AppleWebKit/537.36 (KHTML, like Gecko) Chrome/119.0.0.0 Safari/537.36 OPR/105.0.0.0","sec-ch-ua-platform":"\"Windows\"","accept":"text/css,*/*;q=0.1","sec-fetch-site":"same-origin","sec-fetch-mode":"no-cors","sec-fetch-dest":"style","referer":"http://127.0.0.1:7000/hub","accept-encoding":"gzip, deflate, br","accept-language":"es-ES,es;q=0.9,en;q=0.8"}
GET;/bolita.png;{"host":"127.0.0.1:7000","connection":"keep-alive","sec-ch-ua":"\"Opera GX\";v=\"105\", \"Chromium\";v=\"119\", \"Not?A_Brand\";v=\"24\"","sec-ch-ua-mobile":"?0","user-agent":"Mozilla/5.0 (Windows NT 10.0; Win64; x64) AppleWebKit/537.36 (KHTML, like Gecko) Chrome/119.0.0.0 Safari/537.36 OPR/105.0.0.0","sec-ch-ua-platform":"\"Windows\"","accept":"image/avif,image/webp,image/apng,image/svg+xml,image/*,*/*;q=0.8","sec-fetch-site":"same-origin","sec-fetch-mode":"no-cors","sec-fetch-dest":"image","referer":"http://127.0.0.1:7000/hub","accept-encoding":"gzip, deflate, br","accept-language":"es-ES,es;q=0.9,en;q=0.8"}
GET;/favicon.ico;{"host":"127.0.0.1:7000","connection":"keep-alive","sec-ch-ua":"\"Opera GX\";v=\"105\", \"Chromium\";v=\"119\", \"Not?A_Brand\";v=\"24\"","sec-ch-ua-mobile":"?0","user-agent":"Mozilla/5.0 (Windows NT 10.0; Win64; x64) AppleWebKit/537.36 (KHTML, like Gecko) Chrome/119.0.0.0 Safari/537.36 OPR/105.0.0.0","sec-ch-ua-platform":"\"Windows\"","accept":"image/avif,image/webp,image/apng,image/svg+xml,image/*,*/*;q=0.8","sec-fetch-site":"same-origin","sec-fetch-mode":"no-cors","sec-fetch-dest":"image","referer":"http://127.0.0.1:7000/hub","accept-encoding":"gzip, deflate, br","accept-language":"es-ES,es;q=0.9,en;q=0.8"}
GET;/hub;{"host":"127.0.0.1:7000","connection":"keep-alive","cache-control":"max-age=0","sec-ch-ua":"\"Opera GX\";v=\"105\", \"Chromium\";v=\"119\", \"Not?A_Brand\";v=\"24\"","sec-ch-ua-mobile":"?0","sec-ch-ua-platform":"\"Windows\"","upgrade-insecure-requests":"1","user-agent":"Mozilla/5.0 (Windows NT 10.0; Win64; x64) AppleWebKit/537.36 (KHTML, like Gecko) Chrome/119.0.0.0 Safari/537.36 OPR/105.0.0.0","accept":"text/html,application/xhtml+xml,application/xml;q=0.9,image/avif,image/webp,image/apng,*/*;q=0.8,application/signed-exchange;v=b3;q=0.7","sec-fetch-site":"none","sec-fetch-mode":"navigate","sec-fetch-user":"?1","sec-fetch-dest":"document","accept-encoding":"gzip, deflate, br","accept-language":"es-ES,es;q=0.9,en;q=0.8"}
GET;/css/hub.css;{"host":"127.0.0.1:7000","connection":"keep-alive","sec-ch-ua":"\"Opera GX\";v=\"105\", \"Chromium\";v=\"119\", \"Not?A_Brand\";v=\"24\"","sec-ch-ua-mobile":"?0","user-agent":"Mozilla/5.0 (Windows NT 10.0; Win64; x64) AppleWebKit/537.36 (KHTML, like Gecko) Chrome/119.0.0.0 Safari/537.36 OPR/105.0.0.0","sec-ch-ua-platform":"\"Windows\"","accept":"text/css,*/*;q=0.1","sec-fetch-site":"same-origin","sec-fetch-mode":"no-cors","sec-fetch-dest":"style","referer":"http://127.0.0.1:7000/hub","accept-encoding":"gzip, deflate, br","accept-language":"es-ES,es;q=0.9,en;q=0.8"}
GET;/bolita.png;{"host":"127.0.0.1:7000","connection":"keep-alive","sec-ch-ua":"\"Opera GX\";v=\"105\", \"Chromium\";v=\"119\", \"Not?A_Brand\";v=\"24\"","sec-ch-ua-mobile":"?0","user-agent":"Mozilla/5.0 (Windows NT 10.0; Win64; x64) AppleWebKit/537.36 (KHTML, like Gecko) Chrome/119.0.0.0 Safari/537.36 OPR/105.0.0.0","sec-ch-ua-platform":"\"Windows\"","accept":"image/avif,image/webp,image/apng,image/svg+xml,image/*,*/*;q=0.8","sec-fetch-site":"same-origin","sec-fetch-mode":"no-cors","sec-fetch-dest":"image","referer":"http://127.0.0.1:7000/hub","accept-encoding":"gzip, deflate, br","accept-language":"es-ES,es;q=0.9,en;q=0.8"}
GET;/favicon.ico;{"host":"127.0.0.1:7000","connection":"keep-alive","sec-ch-ua":"\"Opera GX\";v=\"105\", \"Chromium\";v=\"119\", \"Not?A_Brand\";v=\"24\"","sec-ch-ua-mobile":"?0","user-agent":"Mozilla/5.0 (Windows NT 10.0; Win64; x64) AppleWebKit/537.36 (KHTML, like Gecko) Chrome/119.0.0.0 Safari/537.36 OPR/105.0.0.0","sec-ch-ua-platform":"\"Windows\"","accept":"image/avif,image/webp,image/apng,image/svg+xml,image/*,*/*;q=0.8","sec-fetch-site":"same-origin","sec-fetch-mode":"no-cors","sec-fetch-dest":"image","referer":"http://127.0.0.1:7000/hub","accept-encoding":"gzip, deflate, br","accept-language":"es-ES,es;q=0.9,en;q=0.8"}
GET;/hub;{"host":"localhost:7000","connection":"keep-alive","upgrade-insecure-requests":"1","user-agent":"Mozilla/5.0 (Windows NT 10.0; Win64; x64) AppleWebKit/537.36 (KHTML, like Gecko) Chrome/103.0.5060.134 OBS/29.1.3 Safari/537.36","accept":"text/html,application/xhtml+xml,application/xml;q=0.9,image/avif,image/webp,image/apng,*/*;q=0.8,application/signed-exchange;v=b3;q=0.9","accept-language":"es-ES,es;q=0.9,en-US;q=0.8,en;q=0.7","sec-fetch-site":"none","sec-fetch-mode":"navigate","sec-fetch-user":"?1","sec-fetch-dest":"document","accept-encoding":"gzip, deflate, br"}
GET;/css/hub.css;{"host":"localhost:7000","connection":"keep-alive","sec-ch-ua":"\"Chromium\";v=\"103\"","sec-ch-ua-mobile":"?0","user-agent":"Mozilla/5.0 (Windows NT 10.0; Win64; x64) AppleWebKit/537.36 (KHTML, like Gecko) Chrome/103.0.5060.134 OBS/29.1.3 Safari/537.36","sec-ch-ua-platform":"\"Windows\"","accept":"text/css,*/*;q=0.1","accept-language":"es-ES,es;q=0.9,en-US;q=0.8,en;q=0.7","sec-fetch-site":"same-origin","sec-fetch-mode":"no-cors","sec-fetch-dest":"style","referer":"http://localhost:7000/hub","accept-encoding":"gzip, deflate, br"}
GET;/bolita.png;{"host":"localhost:7000","connection":"keep-alive","sec-ch-ua":"\"Chromium\";v=\"103\"","sec-ch-ua-mobile":"?0","user-agent":"Mozilla/5.0 (Windows NT 10.0; Win64; x64) AppleWebKit/537.36 (KHTML, like Gecko) Chrome/103.0.5060.134 OBS/29.1.3 Safari/537.36","sec-ch-ua-platform":"\"Windows\"","accept":"image/avif,image/webp,image/apng,image/svg+xml,image/*,*/*;q=0.8","accept-language":"es-ES,es;q=0.9,en-US;q=0.8,en;q=0.7","sec-fetch-site":"same-origin","sec-fetch-mode":"no-cors","sec-fetch-dest":"image","referer":"http://localhost:7000/hub","accept-encoding":"gzip, deflate, br"}
GET;/ajustes;{"host":"127.0.0.1:7000","connection":"keep-alive","cache-control":"max-age=0","sec-ch-ua":"\"Opera GX\";v=\"105\", \"Chromium\";v=\"119\", \"Not?A_Brand\";v=\"24\"","sec-ch-ua-mobile":"?0","sec-ch-ua-platform":"\"Windows\"","upgrade-insecure-requests":"1","user-agent":"Mozilla/5.0 (Windows NT 10.0; Win64; x64) AppleWebKit/537.36 (KHTML, like Gecko) Chrome/119.0.0.0 Safari/537.36 OPR/105.0.0.0","accept":"text/html,application/xhtml+xml,application/xml;q=0.9,image/avif,image/webp,image/apng,*/*;q=0.8,application/signed-exchange;v=b3;q=0.7","sec-fetch-site":"none","sec-fetch-mode":"navigate","sec-fetch-user":"?1","sec-fetch-dest":"document","accept-encoding":"gzip, deflate, br","accept-language":"es-ES,es;q=0.9,en;q=0.8"}
GET;/css/ajustes.css;{"host":"127.0.0.1:7000","connection":"keep-alive","sec-ch-ua":"\"Opera GX\";v=\"105\", \"Chromium\";v=\"119\", \"Not?A_Brand\";v=\"24\"","sec-ch-ua-mobile":"?0","user-agent":"Mozilla/5.0 (Windows NT 10.0; Win64; x64) AppleWebKit/537.36 (KHTML, like Gecko) Chrome/119.0.0.0 Safari/537.36 OPR/105.0.0.0","sec-ch-ua-platform":"\"Windows\"","accept":"text/css,*/*;q=0.1","sec-fetch-site":"same-origin","sec-fetch-mode":"no-cors","sec-fetch-dest":"style","referer":"http://127.0.0.1:7000/ajustes","accept-encoding":"gzip, deflate, br","accept-language":"es-ES,es;q=0.9,en;q=0.8"}
GET;/favicon.ico;{"host":"127.0.0.1:7000","connection":"keep-alive","sec-ch-ua":"\"Opera GX\";v=\"105\", \"Chromium\";v=\"119\", \"Not?A_Brand\";v=\"24\"","sec-ch-ua-mobile":"?0","user-agent":"Mozilla/5.0 (Windows NT 10.0; Win64; x64) AppleWebKit/537.36 (KHTML, like Gecko) Chrome/119.0.0.0 Safari/537.36 OPR/105.0.0.0","sec-ch-ua-platform":"\"Windows\"","accept":"image/avif,image/webp,image/apng,image/svg+xml,image/*,*/*;q=0.8","sec-fetch-site":"same-origin","sec-fetch-mode":"no-cors","sec-fetch-dest":"image","referer":"http://127.0.0.1:7000/ajustes","accept-encoding":"gzip, deflate, br","accept-language":"es-ES,es;q=0.9,en;q=0.8"}
GET;/css/hub.css;{"host":"127.0.0.1:7000","connection":"keep-alive","sec-ch-ua":"\"Opera GX\";v=\"105\", \"Chromium\";v=\"119\", \"Not?A_Brand\";v=\"24\"","sec-ch-ua-mobile":"?0","user-agent":"Mozilla/5.0 (Windows NT 10.0; Win64; x64) AppleWebKit/537.36 (KHTML, like Gecko) Chrome/119.0.0.0 Safari/537.36 OPR/105.0.0.0","sec-ch-ua-platform":"\"Windows\"","accept":"text/css,*/*;q=0.1","sec-fetch-site":"same-origin","sec-fetch-mode":"no-cors","sec-fetch-dest":"style","referer":"http://127.0.0.1:7000/hub","accept-encoding":"gzip, deflate, br","accept-language":"es-ES,es;q=0.9,en;q=0.8"}
GET;/bolita.png;{"host":"127.0.0.1:7000","connection":"keep-alive","sec-ch-ua":"\"Opera GX\";v=\"105\", \"Chromium\";v=\"119\", \"Not?A_Brand\";v=\"24\"","sec-ch-ua-mobile":"?0","user-agent":"Mozilla/5.0 (Windows NT 10.0; Win64; x64) AppleWebKit/537.36 (KHTML, like Gecko) Chrome/119.0.0.0 Safari/537.36 OPR/105.0.0.0","sec-ch-ua-platform":"\"Windows\"","accept":"image/avif,image/webp,image/apng,image/svg+xml,image/*,*/*;q=0.8","sec-fetch-site":"same-origin","sec-fetch-mode":"no-cors","sec-fetch-dest":"image","referer":"http://127.0.0.1:7000/hub","accept-encoding":"gzip, deflate, br","accept-language":"es-ES,es;q=0.9,en;q=0.8"}
GET;/ajustes;{"host":"127.0.0.1:7000","connection":"keep-alive","cache-control":"max-age=0","sec-ch-ua":"\"Opera GX\";v=\"105\", \"Chromium\";v=\"119\", \"Not?A_Brand\";v=\"24\"","sec-ch-ua-mobile":"?0","sec-ch-ua-platform":"\"Windows\"","upgrade-insecure-requests":"1","user-agent":"Mozilla/5.0 (Windows NT 10.0; Win64; x64) AppleWebKit/537.36 (KHTML, like Gecko) Chrome/119.0.0.0 Safari/537.36 OPR/105.0.0.0","accept":"text/html,application/xhtml+xml,application/xml;q=0.9,image/avif,image/webp,image/apng,*/*;q=0.8,application/signed-exchange;v=b3;q=0.7","sec-fetch-site":"none","sec-fetch-mode":"navigate","sec-fetch-user":"?1","sec-fetch-dest":"document","accept-encoding":"gzip, deflate, br","accept-language":"es-ES,es;q=0.9,en;q=0.8"}
GET;/css/ajustes.css;{"host":"127.0.0.1:7000","connection":"keep-alive","sec-ch-ua":"\"Opera GX\";v=\"105\", \"Chromium\";v=\"119\", \"Not?A_Brand\";v=\"24\"","sec-ch-ua-mobile":"?0","user-agent":"Mozilla/5.0 (Windows NT 10.0; Win64; x64) AppleWebKit/537.36 (KHTML, like Gecko) Chrome/119.0.0.0 Safari/537.36 OPR/105.0.0.0","sec-ch-ua-platform":"\"Windows\"","accept":"text/css,*/*;q=0.1","sec-fetch-site":"same-origin","sec-fetch-mode":"no-cors","sec-fetch-dest":"style","referer":"http://127.0.0.1:7000/ajustes","accept-encoding":"gzip, deflate, br","accept-language":"es-ES,es;q=0.9,en;q=0.8"}
GET;/favicon.ico;{"host":"127.0.0.1:7000","connection":"keep-alive","sec-ch-ua":"\"Opera GX\";v=\"105\", \"Chromium\";v=\"119\", \"Not?A_Brand\";v=\"24\"","sec-ch-ua-mobile":"?0","user-agent":"Mozilla/5.0 (Windows NT 10.0; Win64; x64) AppleWebKit/537.36 (KHTML, like Gecko) Chrome/119.0.0.0 Safari/537.36 OPR/105.0.0.0","sec-ch-ua-platform":"\"Windows\"","accept":"image/avif,image/webp,image/apng,image/svg+xml,image/*,*/*;q=0.8","sec-fetch-site":"same-origin","sec-fetch-mode":"no-cors","sec-fetch-dest":"image","referer":"http://127.0.0.1:7000/ajustes","accept-encoding":"gzip, deflate, br","accept-language":"es-ES,es;q=0.9,en;q=0.8"}
GET;/hub;{"host":"localhost:7000","connection":"keep-alive","pragma":"no-cache","cache-control":"no-cache","upgrade-insecure-requests":"1","user-agent":"Mozilla/5.0 (Windows NT 10.0; Win64; x64) AppleWebKit/537.36 (KHTML, like Gecko) Chrome/103.0.5060.134 OBS/29.1.3 Safari/537.36","accept":"text/html,application/xhtml+xml,application/xml;q=0.9,image/avif,image/webp,image/apng,*/*;q=0.8,application/signed-exchange;v=b3;q=0.9","accept-language":"es-ES,es;q=0.9,en-US;q=0.8,en;q=0.7","sec-fetch-site":"none","sec-fetch-mode":"navigate","sec-fetch-user":"?1","sec-fetch-dest":"document","accept-encoding":"gzip, deflate, br"}
GET;/css/hub.css;{"host":"localhost:7000","connection":"keep-alive","pragma":"no-cache","cache-control":"no-cache","sec-ch-ua":"\"Chromium\";v=\"103\"","sec-ch-ua-mobile":"?0","user-agent":"Mozilla/5.0 (Windows NT 10.0; Win64; x64) AppleWebKit/537.36 (KHTML, like Gecko) Chrome/103.0.5060.134 OBS/29.1.3 Safari/537.36","sec-ch-ua-platform":"\"Windows\"","accept":"text/css,*/*;q=0.1","accept-language":"es-ES,es;q=0.9,en-US;q=0.8,en;q=0.7","sec-fetch-site":"same-origin","sec-fetch-mode":"no-cors","sec-fetch-dest":"style","referer":"http://localhost:7000/hub","accept-encoding":"gzip, deflate, br"}
GET;/bolita.png;{"host":"localhost:7000","connection":"keep-alive","pragma":"no-cache","cache-control":"no-cache","sec-ch-ua":"\"Chromium\";v=\"103\"","sec-ch-ua-mobile":"?0","user-agent":"Mozilla/5.0 (Windows NT 10.0; Win64; x64) AppleWebKit/537.36 (KHTML, like Gecko) Chrome/103.0.5060.134 OBS/29.1.3 Safari/537.36","sec-ch-ua-platform":"\"Windows\"","accept":"image/avif,image/webp,image/apng,image/svg+xml,image/*,*/*;q=0.8","accept-language":"es-ES,es;q=0.9,en-US;q=0.8,en;q=0.7","sec-fetch-site":"same-origin","sec-fetch-mode":"no-cors","sec-fetch-dest":"image","referer":"http://localhost:7000/hub","accept-encoding":"gzip, deflate, br"}
GET;/hub;{"host":"localhost:7000","connection":"keep-alive","pragma":"no-cache","cache-control":"no-cache","upgrade-insecure-requests":"1","user-agent":"Mozilla/5.0 (Windows NT 10.0; Win64; x64) AppleWebKit/537.36 (KHTML, like Gecko) Chrome/103.0.5060.134 OBS/29.1.3 Safari/537.36","accept":"text/html,application/xhtml+xml,application/xml;q=0.9,image/avif,image/webp,image/apng,*/*;q=0.8,application/signed-exchange;v=b3;q=0.9","accept-language":"es-ES,es;q=0.9,en-US;q=0.8,en;q=0.7","sec-fetch-site":"none","sec-fetch-mode":"navigate","sec-fetch-user":"?1","sec-fetch-dest":"document","accept-encoding":"gzip, deflate, br"}
GET;/css/hub.css;{"host":"localhost:7000","connection":"keep-alive","pragma":"no-cache","cache-control":"no-cache","sec-ch-ua":"\"Chromium\";v=\"103\"","sec-ch-ua-mobile":"?0","user-agent":"Mozilla/5.0 (Windows NT 10.0; Win64; x64) AppleWebKit/537.36 (KHTML, like Gecko) Chrome/103.0.5060.134 OBS/29.1.3 Safari/537.36","sec-ch-ua-platform":"\"Windows\"","accept":"text/css,*/*;q=0.1","accept-language":"es-ES,es;q=0.9,en-US;q=0.8,en;q=0.7","sec-fetch-site":"same-origin","sec-fetch-mode":"no-cors","sec-fetch-dest":"style","referer":"http://localhost:7000/hub","accept-encoding":"gzip, deflate, br"}
GET;/bolita.png;{"host":"localhost:7000","connection":"keep-alive","pragma":"no-cache","cache-control":"no-cache","sec-ch-ua":"\"Chromium\";v=\"103\"","sec-ch-ua-mobile":"?0","user-agent":"Mozilla/5.0 (Windows NT 10.0; Win64; x64) AppleWebKit/537.36 (KHTML, like Gecko) Chrome/103.0.5060.134 OBS/29.1.3 Safari/537.36","sec-ch-ua-platform":"\"Windows\"","accept":"image/avif,image/webp,image/apng,image/svg+xml,image/*,*/*;q=0.8","accept-language":"es-ES,es;q=0.9,en-US;q=0.8,en;q=0.7","sec-fetch-site":"same-origin","sec-fetch-mode":"no-cors","sec-fetch-dest":"image","referer":"http://localhost:7000/hub","accept-encoding":"gzip, deflate, br"}
GET;/ajustes;{"host":"127.0.0.1:7000","connection":"keep-alive","cache-control":"max-age=0","sec-ch-ua":"\"Opera GX\";v=\"105\", \"Chromium\";v=\"119\", \"Not?A_Brand\";v=\"24\"","sec-ch-ua-mobile":"?0","sec-ch-ua-platform":"\"Windows\"","upgrade-insecure-requests":"1","user-agent":"Mozilla/5.0 (Windows NT 10.0; Win64; x64) AppleWebKit/537.36 (KHTML, like Gecko) Chrome/119.0.0.0 Safari/537.36 OPR/105.0.0.0","accept":"text/html,application/xhtml+xml,application/xml;q=0.9,image/avif,image/webp,image/apng,*/*;q=0.8,application/signed-exchange;v=b3;q=0.7","sec-fetch-site":"none","sec-fetch-mode":"navigate","sec-fetch-user":"?1","sec-fetch-dest":"document","accept-encoding":"gzip, deflate, br","accept-language":"es-ES,es;q=0.9,en;q=0.8"}
GET;/css/ajustes.css;{"host":"127.0.0.1:7000","connection":"keep-alive","sec-ch-ua":"\"Opera GX\";v=\"105\", \"Chromium\";v=\"119\", \"Not?A_Brand\";v=\"24\"","sec-ch-ua-mobile":"?0","user-agent":"Mozilla/5.0 (Windows NT 10.0; Win64; x64) AppleWebKit/537.36 (KHTML, like Gecko) Chrome/119.0.0.0 Safari/537.36 OPR/105.0.0.0","sec-ch-ua-platform":"\"Windows\"","accept":"text/css,*/*;q=0.1","sec-fetch-site":"same-origin","sec-fetch-mode":"no-cors","sec-fetch-dest":"style","referer":"http://127.0.0.1:7000/ajustes","accept-encoding":"gzip, deflate, br","accept-language":"es-ES,es;q=0.9,en;q=0.8"}
GET;/favicon.ico;{"host":"127.0.0.1:7000","connection":"keep-alive","sec-ch-ua":"\"Opera GX\";v=\"105\", \"Chromium\";v=\"119\", \"Not?A_Brand\";v=\"24\"","sec-ch-ua-mobile":"?0","user-agent":"Mozilla/5.0 (Windows NT 10.0; Win64; x64) AppleWebKit/537.36 (KHTML, like Gecko) Chrome/119.0.0.0 Safari/537.36 OPR/105.0.0.0","sec-ch-ua-platform":"\"Windows\"","accept":"image/avif,image/webp,image/apng,image/svg+xml,image/*,*/*;q=0.8","sec-fetch-site":"same-origin","sec-fetch-mode":"no-cors","sec-fetch-dest":"image","referer":"http://127.0.0.1:7000/ajustes","accept-encoding":"gzip, deflate, br","accept-language":"es-ES,es;q=0.9,en;q=0.8"}
GET;/hub;{"host":"localhost:7000","connection":"keep-alive","pragma":"no-cache","cache-control":"no-cache","upgrade-insecure-requests":"1","user-agent":"Mozilla/5.0 (Windows NT 10.0; Win64; x64) AppleWebKit/537.36 (KHTML, like Gecko) Chrome/103.0.5060.134 OBS/29.1.3 Safari/537.36","accept":"text/html,application/xhtml+xml,application/xml;q=0.9,image/avif,image/webp,image/apng,*/*;q=0.8,application/signed-exchange;v=b3;q=0.9","accept-language":"es-ES,es;q=0.9,en-US;q=0.8,en;q=0.7","sec-fetch-site":"none","sec-fetch-mode":"navigate","sec-fetch-user":"?1","sec-fetch-dest":"document","accept-encoding":"gzip, deflate, br"}
GET;/css/hub.css;{"host":"localhost:7000","connection":"keep-alive","pragma":"no-cache","cache-control":"no-cache","sec-ch-ua":"\"Chromium\";v=\"103\"","sec-ch-ua-mobile":"?0","user-agent":"Mozilla/5.0 (Windows NT 10.0; Win64; x64) AppleWebKit/537.36 (KHTML, like Gecko) Chrome/103.0.5060.134 OBS/29.1.3 Safari/537.36","sec-ch-ua-platform":"\"Windows\"","accept":"text/css,*/*;q=0.1","accept-language":"es-ES,es;q=0.9,en-US;q=0.8,en;q=0.7","sec-fetch-site":"same-origin","sec-fetch-mode":"no-cors","sec-fetch-dest":"style","referer":"http://localhost:7000/hub","accept-encoding":"gzip, deflate, br"}
GET;/bolita.png;{"host":"localhost:7000","connection":"keep-alive","pragma":"no-cache","cache-control":"no-cache","sec-ch-ua":"\"Chromium\";v=\"103\"","sec-ch-ua-mobile":"?0","user-agent":"Mozilla/5.0 (Windows NT 10.0; Win64; x64) AppleWebKit/537.36 (KHTML, like Gecko) Chrome/103.0.5060.134 OBS/29.1.3 Safari/537.36","sec-ch-ua-platform":"\"Windows\"","accept":"image/avif,image/webp,image/apng,image/svg+xml,image/*,*/*;q=0.8","accept-language":"es-ES,es;q=0.9,en-US;q=0.8,en;q=0.7","sec-fetch-site":"same-origin","sec-fetch-mode":"no-cors","sec-fetch-dest":"image","referer":"http://localhost:7000/hub","accept-encoding":"gzip, deflate, br"}
GET;/hub;{"host":"localhost:7000","connection":"keep-alive","pragma":"no-cache","cache-control":"no-cache","upgrade-insecure-requests":"1","user-agent":"Mozilla/5.0 (Windows NT 10.0; Win64; x64) AppleWebKit/537.36 (KHTML, like Gecko) Chrome/103.0.5060.134 OBS/29.1.3 Safari/537.36","accept":"text/html,application/xhtml+xml,application/xml;q=0.9,image/avif,image/webp,image/apng,*/*;q=0.8,application/signed-exchange;v=b3;q=0.9","accept-language":"es-ES,es;q=0.9,en-US;q=0.8,en;q=0.7","sec-fetch-site":"none","sec-fetch-mode":"navigate","sec-fetch-user":"?1","sec-fetch-dest":"document","accept-encoding":"gzip, deflate, br"}
GET;/css/hub.css;{"host":"localhost:7000","connection":"keep-alive","pragma":"no-cache","cache-control":"no-cache","sec-ch-ua":"\"Chromium\";v=\"103\"","sec-ch-ua-mobile":"?0","user-agent":"Mozilla/5.0 (Windows NT 10.0; Win64; x64) AppleWebKit/537.36 (KHTML, like Gecko) Chrome/103.0.5060.134 OBS/29.1.3 Safari/537.36","sec-ch-ua-platform":"\"Windows\"","accept":"text/css,*/*;q=0.1","accept-language":"es-ES,es;q=0.9,en-US;q=0.8,en;q=0.7","sec-fetch-site":"same-origin","sec-fetch-mode":"no-cors","sec-fetch-dest":"style","referer":"http://localhost:7000/hub","accept-encoding":"gzip, deflate, br"}
GET;/bolita.png;{"host":"localhost:7000","connection":"keep-alive","pragma":"no-cache","cache-control":"no-cache","sec-ch-ua":"\"Chromium\";v=\"103\"","sec-ch-ua-mobile":"?0","user-agent":"Mozilla/5.0 (Windows NT 10.0; Win64; x64) AppleWebKit/537.36 (KHTML, like Gecko) Chrome/103.0.5060.134 OBS/29.1.3 Safari/537.36","sec-ch-ua-platform":"\"Windows\"","accept":"image/avif,image/webp,image/apng,image/svg+xml,image/*,*/*;q=0.8","accept-language":"es-ES,es;q=0.9,en-US;q=0.8,en;q=0.7","sec-fetch-site":"same-origin","sec-fetch-mode":"no-cors","sec-fetch-dest":"image","referer":"http://localhost:7000/hub","accept-encoding":"gzip, deflate, br"}
GET;/test_io.html;{"host":"127.0.0.1:7000","connection":"keep-alive","sec-ch-ua":"\"Not_A Brand\";v=\"8\", \"Chromium\";v=\"120\", \"Google Chrome\";v=\"120\"","sec-ch-ua-mobile":"?0","sec-ch-ua-platform":"\"Windows\"","upgrade-insecure-requests":"1","user-agent":"Mozilla/5.0 (Windows NT 10.0; Win64; x64) AppleWebKit/537.36 (KHTML, like Gecko) Chrome/120.0.0.0 Safari/537.36","accept":"text/html,application/xhtml+xml,application/xml;q=0.9,image/avif,image/webp,image/apng,*/*;q=0.8,application/signed-exchange;v=b3;q=0.7","sec-fetch-site":"none","sec-fetch-mode":"navigate","sec-fetch-user":"?1","sec-fetch-dest":"document","accept-encoding":"gzip, deflate, br","accept-language":"es-ES,es;q=0.9,en;q=0.8,ca;q=0.7,de;q=0.6"}
GET;/test_io.html;{"host":"127.0.0.1:7000","connection":"keep-alive","cache-control":"max-age=0","sec-ch-ua":"\"Not_A Brand\";v=\"8\", \"Chromium\";v=\"120\", \"Google Chrome\";v=\"120\"","sec-ch-ua-mobile":"?0","sec-ch-ua-platform":"\"Windows\"","upgrade-insecure-requests":"1","user-agent":"Mozilla/5.0 (Windows NT 10.0; Win64; x64) AppleWebKit/537.36 (KHTML, like Gecko) Chrome/120.0.0.0 Safari/537.36","accept":"text/html,application/xhtml+xml,application/xml;q=0.9,image/avif,image/webp,image/apng,*/*;q=0.8,application/signed-exchange;v=b3;q=0.7","sec-fetch-site":"none","sec-fetch-mode":"navigate","sec-fetch-user":"?1","sec-fetch-dest":"document","accept-encoding":"gzip, deflate, br","accept-language":"es-ES,es;q=0.9,en;q=0.8,ca;q=0.7,de;q=0.6"}
GET;/favicon.ico;{"host":"127.0.0.1:7000","connection":"keep-alive","sec-ch-ua":"\"Not_A Brand\";v=\"8\", \"Chromium\";v=\"120\", \"Google Chrome\";v=\"120\"","sec-ch-ua-mobile":"?0","user-agent":"Mozilla/5.0 (Windows NT 10.0; Win64; x64) AppleWebKit/537.36 (KHTML, like Gecko) Chrome/120.0.0.0 Safari/537.36","sec-ch-ua-platform":"\"Windows\"","accept":"image/avif,image/webp,image/apng,image/svg+xml,image/*,*/*;q=0.8","sec-fetch-site":"same-origin","sec-fetch-mode":"no-cors","sec-fetch-dest":"image","referer":"http://127.0.0.1:7000/test_io.html","accept-encoding":"gzip, deflate, br","accept-language":"es-ES,es;q=0.9,en;q=0.8,ca;q=0.7,de;q=0.6"}
GET;/;{"host":"127.0.0.1:7000","connection":"keep-alive","sec-ch-ua":"\"Not_A Brand\";v=\"8\", \"Chromium\";v=\"120\", \"Google Chrome\";v=\"120\"","sec-ch-ua-mobile":"?0","sec-ch-ua-platform":"\"Windows\"","upgrade-insecure-requests":"1","user-agent":"Mozilla/5.0 (Windows NT 10.0; Win64; x64) AppleWebKit/537.36 (KHTML, like Gecko) Chrome/120.0.0.0 Safari/537.36","accept":"text/html,application/xhtml+xml,application/xml;q=0.9,image/avif,image/webp,image/apng,*/*;q=0.8,application/signed-exchange;v=b3;q=0.7","sec-fetch-site":"none","sec-fetch-mode":"navigate","sec-fetch-user":"?1","sec-fetch-dest":"document","accept-encoding":"gzip, deflate, br","accept-language":"es-ES,es;q=0.9,en;q=0.8,ca;q=0.7,de;q=0.6"}
GET;/a.txt;{"host":"127.0.0.1:7000","connection":"keep-alive","sec-ch-ua":"\"Not_A Brand\";v=\"8\", \"Chromium\";v=\"120\", \"Google Chrome\";v=\"120\"","sec-ch-ua-mobile":"?0","sec-ch-ua-platform":"\"Windows\"","upgrade-insecure-requests":"1","user-agent":"Mozilla/5.0 (Windows NT 10.0; Win64; x64) AppleWebKit/537.36 (KHTML, like Gecko) Chrome/120.0.0.0 Safari/537.36","accept":"text/html,application/xhtml+xml,application/xml;q=0.9,image/avif,image/webp,image/apng,*/*;q=0.8,application/signed-exchange;v=b3;q=0.7","sec-fetch-site":"none","sec-fetch-mode":"navigate","sec-fetch-user":"?1","sec-fetch-dest":"document","accept-encoding":"gzip, deflate, br","accept-language":"es-ES,es;q=0.9,en;q=0.8,ca;q=0.7,de;q=0.6"}
GET;/ajustes.json;{"host":"127.0.0.1:7000","connection":"keep-alive","sec-ch-ua":"\"Not_A Brand\";v=\"8\", \"Chromium\";v=\"120\", \"Google Chrome\";v=\"120\"","sec-ch-ua-mobile":"?0","sec-ch-ua-platform":"\"Windows\"","upgrade-insecure-requests":"1","user-agent":"Mozilla/5.0 (Windows NT 10.0; Win64; x64) AppleWebKit/537.36 (KHTML, like Gecko) Chrome/120.0.0.0 Safari/537.36","accept":"text/html,application/xhtml+xml,application/xml;q=0.9,image/avif,image/webp,image/apng,*/*;q=0.8,application/signed-exchange;v=b3;q=0.7","sec-fetch-site":"none","sec-fetch-mode":"navigate","sec-fetch-user":"?1","sec-fetch-dest":"document","accept-encoding":"gzip, deflate, br","accept-language":"es-ES,es;q=0.9,en;q=0.8,ca;q=0.7,de;q=0.6"}
GET;/ajustes;{"host":"127.0.0.1:7000","connection":"keep-alive","cache-control":"max-age=0","sec-ch-ua":"\"Opera GX\";v=\"105\", \"Chromium\";v=\"119\", \"Not?A_Brand\";v=\"24\"","sec-ch-ua-mobile":"?0","sec-ch-ua-platform":"\"Windows\"","upgrade-insecure-requests":"1","user-agent":"Mozilla/5.0 (Windows NT 10.0; Win64; x64) AppleWebKit/537.36 (KHTML, like Gecko) Chrome/119.0.0.0 Safari/537.36 OPR/105.0.0.0","accept":"text/html,application/xhtml+xml,application/xml;q=0.9,image/avif,image/webp,image/apng,*/*;q=0.8,application/signed-exchange;v=b3;q=0.7","sec-fetch-site":"none","sec-fetch-mode":"navigate","sec-fetch-user":"?1","sec-fetch-dest":"document","accept-encoding":"gzip, deflate, br","accept-language":"es-ES,es;q=0.9,en;q=0.8"}
GET;/css/ajustes.css;{"host":"127.0.0.1:7000","connection":"keep-alive","sec-ch-ua":"\"Opera GX\";v=\"105\", \"Chromium\";v=\"119\", \"Not?A_Brand\";v=\"24\"","sec-ch-ua-mobile":"?0","user-agent":"Mozilla/5.0 (Windows NT 10.0; Win64; x64) AppleWebKit/537.36 (KHTML, like Gecko) Chrome/119.0.0.0 Safari/537.36 OPR/105.0.0.0","sec-ch-ua-platform":"\"Windows\"","accept":"text/css,*/*;q=0.1","sec-fetch-site":"same-origin","sec-fetch-mode":"no-cors","sec-fetch-dest":"style","referer":"http://127.0.0.1:7000/ajustes","accept-encoding":"gzip, deflate, br","accept-language":"es-ES,es;q=0.9,en;q=0.8"}
GET;/favicon.ico;{"host":"127.0.0.1:7000","connection":"keep-alive","sec-ch-ua":"\"Opera GX\";v=\"105\", \"Chromium\";v=\"119\", \"Not?A_Brand\";v=\"24\"","sec-ch-ua-mobile":"?0","user-agent":"Mozilla/5.0 (Windows NT 10.0; Win64; x64) AppleWebKit/537.36 (KHTML, like Gecko) Chrome/119.0.0.0 Safari/537.36 OPR/105.0.0.0","sec-ch-ua-platform":"\"Windows\"","accept":"image/avif,image/webp,image/apng,image/svg+xml,image/*,*/*;q=0.8","sec-fetch-site":"same-origin","sec-fetch-mode":"no-cors","sec-fetch-dest":"image","referer":"http://127.0.0.1:7000/ajustes","accept-encoding":"gzip, deflate, br","accept-language":"es-ES,es;q=0.9,en;q=0.8"}
GET;/hub;{"host":"localhost:7000","connection":"keep-alive","pragma":"no-cache","cache-control":"no-cache","upgrade-insecure-requests":"1","user-agent":"Mozilla/5.0 (Windows NT 10.0; Win64; x64) AppleWebKit/537.36 (KHTML, like Gecko) Chrome/103.0.5060.134 OBS/29.1.3 Safari/537.36","accept":"text/html,application/xhtml+xml,application/xml;q=0.9,image/avif,image/webp,image/apng,*/*;q=0.8,application/signed-exchange;v=b3;q=0.9","accept-language":"es-ES,es;q=0.9,en-US;q=0.8,en;q=0.7","sec-fetch-site":"none","sec-fetch-mode":"navigate","sec-fetch-user":"?1","sec-fetch-dest":"document","accept-encoding":"gzip, deflate, br"}
GET;/css/hub.css;{"host":"localhost:7000","connection":"keep-alive","pragma":"no-cache","cache-control":"no-cache","sec-ch-ua":"\"Chromium\";v=\"103\"","sec-ch-ua-mobile":"?0","user-agent":"Mozilla/5.0 (Windows NT 10.0; Win64; x64) AppleWebKit/537.36 (KHTML, like Gecko) Chrome/103.0.5060.134 OBS/29.1.3 Safari/537.36","sec-ch-ua-platform":"\"Windows\"","accept":"text/css,*/*;q=0.1","accept-language":"es-ES,es;q=0.9,en-US;q=0.8,en;q=0.7","sec-fetch-site":"same-origin","sec-fetch-mode":"no-cors","sec-fetch-dest":"style","referer":"http://localhost:7000/hub","accept-encoding":"gzip, deflate, br"}
GET;/bolita.png;{"host":"localhost:7000","connection":"keep-alive","pragma":"no-cache","cache-control":"no-cache","sec-ch-ua":"\"Chromium\";v=\"103\"","sec-ch-ua-mobile":"?0","user-agent":"Mozilla/5.0 (Windows NT 10.0; Win64; x64) AppleWebKit/537.36 (KHTML, like Gecko) Chrome/103.0.5060.134 OBS/29.1.3 Safari/537.36","sec-ch-ua-platform":"\"Windows\"","accept":"image/avif,image/webp,image/apng,image/svg+xml,image/*,*/*;q=0.8","accept-language":"es-ES,es;q=0.9,en-US;q=0.8,en;q=0.7","sec-fetch-site":"same-origin","sec-fetch-mode":"no-cors","sec-fetch-dest":"image","referer":"http://localhost:7000/hub","accept-encoding":"gzip, deflate, br"}
GET;/ajustes;{"host":"127.0.0.1:7000","connection":"keep-alive","cache-control":"max-age=0","sec-ch-ua":"\"Opera GX\";v=\"105\", \"Chromium\";v=\"119\", \"Not?A_Brand\";v=\"24\"","sec-ch-ua-mobile":"?0","sec-ch-ua-platform":"\"Windows\"","upgrade-insecure-requests":"1","user-agent":"Mozilla/5.0 (Windows NT 10.0; Win64; x64) AppleWebKit/537.36 (KHTML, like Gecko) Chrome/119.0.0.0 Safari/537.36 OPR/105.0.0.0","accept":"text/html,application/xhtml+xml,application/xml;q=0.9,image/avif,image/webp,image/apng,*/*;q=0.8,application/signed-exchange;v=b3;q=0.7","sec-fetch-site":"none","sec-fetch-mode":"navigate","sec-fetch-user":"?1","sec-fetch-dest":"document","accept-encoding":"gzip, deflate, br","accept-language":"es-ES,es;q=0.9,en;q=0.8"}
GET;/css/ajustes.css;{"host":"127.0.0.1:7000","connection":"keep-alive","sec-ch-ua":"\"Opera GX\";v=\"105\", \"Chromium\";v=\"119\", \"Not?A_Brand\";v=\"24\"","sec-ch-ua-mobile":"?0","user-agent":"Mozilla/5.0 (Windows NT 10.0; Win64; x64) AppleWebKit/537.36 (KHTML, like Gecko) Chrome/119.0.0.0 Safari/537.36 OPR/105.0.0.0","sec-ch-ua-platform":"\"Windows\"","accept":"text/css,*/*;q=0.1","sec-fetch-site":"same-origin","sec-fetch-mode":"no-cors","sec-fetch-dest":"style","referer":"http://127.0.0.1:7000/ajustes","accept-encoding":"gzip, deflate, br","accept-language":"es-ES,es;q=0.9,en;q=0.8"}
GET;/favicon.ico;{"host":"127.0.0.1:7000","connection":"keep-alive","sec-ch-ua":"\"Opera GX\";v=\"105\", \"Chromium\";v=\"119\", \"Not?A_Brand\";v=\"24\"","sec-ch-ua-mobile":"?0","user-agent":"Mozilla/5.0 (Windows NT 10.0; Win64; x64) AppleWebKit/537.36 (KHTML, like Gecko) Chrome/119.0.0.0 Safari/537.36 OPR/105.0.0.0","sec-ch-ua-platform":"\"Windows\"","accept":"image/avif,image/webp,image/apng,image/svg+xml,image/*,*/*;q=0.8","sec-fetch-site":"same-origin","sec-fetch-mode":"no-cors","sec-fetch-dest":"image","referer":"http://127.0.0.1:7000/ajustes","accept-encoding":"gzip, deflate, br","accept-language":"es-ES,es;q=0.9,en;q=0.8"}
GET;/hub;{"host":"localhost:7000","connection":"keep-alive","pragma":"no-cache","cache-control":"no-cache","upgrade-insecure-requests":"1","user-agent":"Mozilla/5.0 (Windows NT 10.0; Win64; x64) AppleWebKit/537.36 (KHTML, like Gecko) Chrome/103.0.5060.134 OBS/29.1.3 Safari/537.36","accept":"text/html,application/xhtml+xml,application/xml;q=0.9,image/avif,image/webp,image/apng,*/*;q=0.8,application/signed-exchange;v=b3;q=0.9","accept-language":"es-ES,es;q=0.9,en-US;q=0.8,en;q=0.7","sec-fetch-site":"none","sec-fetch-mode":"navigate","sec-fetch-user":"?1","sec-fetch-dest":"document","accept-encoding":"gzip, deflate, br"}
GET;/css/hub.css;{"host":"localhost:7000","connection":"keep-alive","pragma":"no-cache","cache-control":"no-cache","sec-ch-ua":"\"Chromium\";v=\"103\"","sec-ch-ua-mobile":"?0","user-agent":"Mozilla/5.0 (Windows NT 10.0; Win64; x64) AppleWebKit/537.36 (KHTML, like Gecko) Chrome/103.0.5060.134 OBS/29.1.3 Safari/537.36","sec-ch-ua-platform":"\"Windows\"","accept":"text/css,*/*;q=0.1","accept-language":"es-ES,es;q=0.9,en-US;q=0.8,en;q=0.7","sec-fetch-site":"same-origin","sec-fetch-mode":"no-cors","sec-fetch-dest":"style","referer":"http://localhost:7000/hub","accept-encoding":"gzip, deflate, br"}
GET;/bolita.png;{"host":"localhost:7000","connection":"keep-alive","pragma":"no-cache","cache-control":"no-cache","sec-ch-ua":"\"Chromium\";v=\"103\"","sec-ch-ua-mobile":"?0","user-agent":"Mozilla/5.0 (Windows NT 10.0; Win64; x64) AppleWebKit/537.36 (KHTML, like Gecko) Chrome/103.0.5060.134 OBS/29.1.3 Safari/537.36","sec-ch-ua-platform":"\"Windows\"","accept":"image/avif,image/webp,image/apng,image/svg+xml,image/*,*/*;q=0.8","accept-language":"es-ES,es;q=0.9,en-US;q=0.8,en;q=0.7","sec-fetch-site":"same-origin","sec-fetch-mode":"no-cors","sec-fetch-dest":"image","referer":"http://localhost:7000/hub","accept-encoding":"gzip, deflate, br"}
GET;/css/ajustes.css;{"host":"127.0.0.1:7000","connection":"keep-alive","sec-ch-ua":"\"Opera GX\";v=\"105\", \"Chromium\";v=\"119\", \"Not?A_Brand\";v=\"24\"","sec-ch-ua-mobile":"?0","user-agent":"Mozilla/5.0 (Windows NT 10.0; Win64; x64) AppleWebKit/537.36 (KHTML, like Gecko) Chrome/119.0.0.0 Safari/537.36 OPR/105.0.0.0","sec-ch-ua-platform":"\"Windows\"","accept":"text/css,*/*;q=0.1","sec-fetch-site":"same-origin","sec-fetch-mode":"no-cors","sec-fetch-dest":"style","referer":"http://127.0.0.1:7000/ajustes","accept-encoding":"gzip, deflate, br","accept-language":"es-ES,es;q=0.9,en;q=0.8"}
GET;/hub;{"host":"localhost:7000","connection":"keep-alive","upgrade-insecure-requests":"1","user-agent":"Mozilla/5.0 (Windows NT 10.0; Win64; x64) AppleWebKit/537.36 (KHTML, like Gecko) Chrome/103.0.5060.134 OBS/29.1.3 Safari/537.36","accept":"text/html,application/xhtml+xml,application/xml;q=0.9,image/avif,image/webp,image/apng,*/*;q=0.8,application/signed-exchange;v=b3;q=0.9","accept-language":"es-ES,es;q=0.9,en-US;q=0.8,en;q=0.7","sec-fetch-site":"none","sec-fetch-mode":"navigate","sec-fetch-user":"?1","sec-fetch-dest":"document","accept-encoding":"gzip, deflate, br"}
GET;/css/hub.css;{"host":"localhost:7000","connection":"keep-alive","sec-ch-ua":"\"Chromium\";v=\"103\"","sec-ch-ua-mobile":"?0","user-agent":"Mozilla/5.0 (Windows NT 10.0; Win64; x64) AppleWebKit/537.36 (KHTML, like Gecko) Chrome/103.0.5060.134 OBS/29.1.3 Safari/537.36","sec-ch-ua-platform":"\"Windows\"","accept":"text/css,*/*;q=0.1","accept-language":"es-ES,es;q=0.9,en-US;q=0.8,en;q=0.7","sec-fetch-site":"same-origin","sec-fetch-mode":"no-cors","sec-fetch-dest":"style","referer":"http://localhost:7000/hub","accept-encoding":"gzip, deflate, br"}
GET;/bolita.png;{"host":"localhost:7000","connection":"keep-alive","sec-ch-ua":"\"Chromium\";v=\"103\"","sec-ch-ua-mobile":"?0","user-agent":"Mozilla/5.0 (Windows NT 10.0; Win64; x64) AppleWebKit/537.36 (KHTML, like Gecko) Chrome/103.0.5060.134 OBS/29.1.3 Safari/537.36","sec-ch-ua-platform":"\"Windows\"","accept":"image/avif,image/webp,image/apng,image/svg+xml,image/*,*/*;q=0.8","accept-language":"es-ES,es;q=0.9,en-US;q=0.8,en;q=0.7","sec-fetch-site":"same-origin","sec-fetch-mode":"no-cors","sec-fetch-dest":"image","referer":"http://localhost:7000/hub","accept-encoding":"gzip, deflate, br"}
GET;/dir;{"host":"127.0.0.1:7000","connection":"keep-alive","sec-ch-ua":"\"Not_A Brand\";v=\"8\", \"Chromium\";v=\"120\", \"Google Chrome\";v=\"120\"","sec-ch-ua-mobile":"?0","sec-ch-ua-platform":"\"Windows\"","upgrade-insecure-requests":"1","user-agent":"Mozilla/5.0 (Windows NT 10.0; Win64; x64) AppleWebKit/537.36 (KHTML, like Gecko) Chrome/120.0.0.0 Safari/537.36","accept":"text/html,application/xhtml+xml,application/xml;q=0.9,image/avif,image/webp,image/apng,*/*;q=0.8,application/signed-exchange;v=b3;q=0.7","sec-fetch-site":"none","sec-fetch-mode":"navigate","sec-fetch-user":"?1","sec-fetch-dest":"document","accept-encoding":"gzip, deflate, br","accept-language":"es-ES,es;q=0.9,en;q=0.8,ca;q=0.7,de;q=0.6"}
GET;/a.txt;{"host":"127.0.0.1:7000","connection":"keep-alive","sec-ch-ua":"\"Not_A Brand\";v=\"8\", \"Chromium\";v=\"120\", \"Google Chrome\";v=\"120\"","sec-ch-ua-mobile":"?0","sec-ch-ua-platform":"\"Windows\"","upgrade-insecure-requests":"1","user-agent":"Mozilla/5.0 (Windows NT 10.0; Win64; x64) AppleWebKit/537.36 (KHTML, like Gecko) Chrome/120.0.0.0 Safari/537.36","accept":"text/html,application/xhtml+xml,application/xml;q=0.9,image/avif,image/webp,image/apng,*/*;q=0.8,application/signed-exchange;v=b3;q=0.7","sec-fetch-site":"none","sec-fetch-mode":"navigate","sec-fetch-user":"?1","sec-fetch-dest":"document","accept-encoding":"gzip, deflate, br","accept-language":"es-ES,es;q=0.9,en;q=0.8,ca;q=0.7,de;q=0.6"}
GET;/bolita.png;{"host":"127.0.0.1:7000","connection":"keep-alive","sec-ch-ua":"\"Not_A Brand\";v=\"8\", \"Chromium\";v=\"120\", \"Google Chrome\";v=\"120\"","sec-ch-ua-mobile":"?0","sec-ch-ua-platform":"\"Windows\"","upgrade-insecure-requests":"1","user-agent":"Mozilla/5.0 (Windows NT 10.0; Win64; x64) AppleWebKit/537.36 (KHTML, like Gecko) Chrome/120.0.0.0 Safari/537.36","accept":"text/html,application/xhtml+xml,application/xml;q=0.9,image/avif,image/webp,image/apng,*/*;q=0.8,application/signed-exchange;v=b3;q=0.7","sec-fetch-site":"none","sec-fetch-mode":"navigate","sec-fetch-user":"?1","sec-fetch-dest":"document","accept-encoding":"gzip, deflate, br","accept-language":"es-ES,es;q=0.9,en;q=0.8,ca;q=0.7,de;q=0.6"}
GET;/led;{"host":"127.0.0.1:7000","connection":"keep-alive","sec-ch-ua":"\"Not_A Brand\";v=\"8\", \"Chromium\";v=\"120\", \"Google Chrome\";v=\"120\"","sec-ch-ua-mobile":"?0","sec-ch-ua-platform":"\"Windows\"","upgrade-insecure-requests":"1","user-agent":"Mozilla/5.0 (Windows NT 10.0; Win64; x64) AppleWebKit/537.36 (KHTML, like Gecko) Chrome/120.0.0.0 Safari/537.36","accept":"text/html,application/xhtml+xml,application/xml;q=0.9,image/avif,image/webp,image/apng,*/*;q=0.8,application/signed-exchange;v=b3;q=0.7","sec-fetch-site":"none","sec-fetch-mode":"navigate","sec-fetch-user":"?1","sec-fetch-dest":"document","accept-encoding":"gzip, deflate, br","accept-language":"es-ES,es;q=0.9,en;q=0.8,ca;q=0.7,de;q=0.6"}
GET;/css/led.css;{"host":"127.0.0.1:7000","connection":"keep-alive","sec-ch-ua":"\"Not_A Brand\";v=\"8\", \"Chromium\";v=\"120\", \"Google Chrome\";v=\"120\"","sec-ch-ua-mobile":"?0","user-agent":"Mozilla/5.0 (Windows NT 10.0; Win64; x64) AppleWebKit/537.36 (KHTML, like Gecko) Chrome/120.0.0.0 Safari/537.36","sec-ch-ua-platform":"\"Windows\"","accept":"text/css,*/*;q=0.1","sec-fetch-site":"same-origin","sec-fetch-mode":"no-cors","sec-fetch-dest":"style","referer":"http://127.0.0.1:7000/led","accept-encoding":"gzip, deflate, br","accept-language":"es-ES,es;q=0.9,en;q=0.8,ca;q=0.7,de;q=0.6"}
